"","pf","response_var","AverageCVHI","AverageCVFI","AverageCVBETA"
"1","High","fDOM",0.457809025858955,-1.17923948267954,0.680237301939167
"2","High","NO3",6.62628202809744,-0.987232013945702,-7.82720238325964
"3","High","SPC",0.905917264594142,-0.545767361220859,-2.27404715137682
"4","High","turb",1.64747817263227,11.9271000039512,1.12999331997493
"5","Moderate","fDOM",-0.940142943552255,1.8290632801382,1.73918145938989
"6","Moderate","NO3",2.05285573484156,-1.86423404853101,-1.98323426760163
"7","Moderate","SPC",0.964042337210424,-1.05061865844263,6.36439491432927
"8","Moderate","turb",19.7254584248818,1.02609369532493,0.842938241663862
