"","pf","response_var","AverageCVHI","AverageCVFI","AverageCVBETA"
"1","High","fDOM",0.205530195335029,-1.11398832303548,0.725621954835791
"2","High","NO3",4.08961519246765,-0.962132894947083,-8.53895051302933
"3","High","SPC",0.867546734513834,-0.43353930762661,-1.42836571261029
"4","High","turb",11.4489603133049,11.3515886326667,1.33468417774218
"5","Moderate","fDOM",-1.37289323390963,1.80588366880024,0.825749498527637
"6","Moderate","NO3",1.96302781617909,-1.83057385032279,-2.17780704384843
"7","Moderate","SPC",0.349690647055744,-1.2310605396691,6.30908981768338
"8","Moderate","turb",11.743366911113,1.04224789879357,1.11976484725493
