"","year","medianfDOM","medianNO3","medianSPC","medianTURB"
"1","2018",87.8233333333333,28.6351666666666,78.55,14.1491666666667
"2","2019",65.5018181818182,17.308,87.26,23.6204545454545
"3","2020",69.0854545454545,30.9192183274252,77.1545454545455,15.3409090909091
"4","2021",45.0572727272727,17.6929592230555,97.25,17.1572727272727
"5","2022",55.6718622212805,26.433521757948,97.5090872727273,5.0159090909091
