"site","cv_fDOM","cv_NO3","cv_SPC","cv_TURB"
"CARI",55.2847804016221,14.0188525942016,22.379601240146,568.296672581999
"FRCH",40.9919262119594,29.8109719720668,18.2233033275973,98.7370148955707
"MOOS",26.371221972492,16.7155927506559,18.9245168583366,172.812549071218
"POKE",39.8100422666902,19.3856123480058,14.768470060767,125.759137193073
"STRT",27.7232297902292,26.6352690892896,16.9108408005322,117.308841621728
"VAUL",17.5826701478051,13.7747984141209,50.6223145998448,150.027523619729
