,site.ID,meanNO3,meanfDOM,meanSPC,meanTurb,,ratio,
1,CARI,0.125312966,0.507263628,0.206692898,3.331635918,,T:S,8.557991838
2,FRCH,0.243083259,0.344636239,0.148506222,1.122315334,,T:F,5.441950648
3,MOOS,0.184097891,0.219466722,0.152869868,1.583804107,,T:N,7.774956123
4,POKE,0.201760848,0.287855489,0.07703439,1.053995254,,T:all,6.989331967
5,STRT,0.277822341,0.268471268,0.15652082,1.159602451,,,
6,VAUL,0.216063691,0.155535154,0.392314893,1.452888427,,,
,all,0.2080235,0.29720475,0.188989849,1.617373582,,,
,all but turb,0.231406033,,,,,,