"","site.ID","meanNO3","meanfDOM","meanSPC","meanTurb"
"1","CARI",0.116078699501877,0.463867466501937,0.174676638644172,2.96839094050099
"2","FRCH",0.227820159797345,0.3296101229483,0.141979264701498,0.994035644362111
"3","MOOS",0.194678491816856,0.230728120022095,0.137931304717175,1.43019485252418
"4","POKE",0.203244265039957,0.267623410834918,0.0754327345903327,0.98248471458684
"5","STRT",0.253337954030876,0.255728321327045,0.140071555084193,1.0157666141792
"6","VAUL",0.229753639125662,0.150468761699856,0.375990248566009,1.39363650686183
