"","site.ID","meanNO3","meanfDOM","meanSPC","meanTurb"
"1","CARI",0.12531296639659,0.507263628050751,0.206692897726124,3.33163591824089
"2","FRCH",0.253713184297968,0.332731286273646,0.148441669175393,1.11865888000691
"3","MOOS",0.22558091543642,0.219461704003431,0.149732321305097,1.58386998617895
"4","POKE",0.222247720460552,0.289797078158025,0.0781509055899968,1.03620597487222
"5","STRT",0.301858600505996,0.268682997265101,0.156525393106613,1.17239469664499
"6","VAUL",0.197859611856035,0.156401056218064,0.392595270542704,1.46683353765573
