"","site.ID","meanNO3","meanfDOM","meanSPC","meanTurb"
"1","CARI",28.1812647675997,62.2174769311445,73.9203087021285,9.26839833432138
"2","FRCH",26.8140716616791,73.9159181375056,85.3657403382527,27.7938646342624
"3","MOOS",22.3773982566752,121.265144264762,114.054323843461,25.3179012828416
"4","POKE",30.3413123375544,38.2579615963828,109.636391419799,10.6270466345791
"5","STRT",22.6709423248932,62.7964582430207,122.00251398439,13.299039273307
"6","VAUL",22.4823275285129,213.305732065113,356.280775001539,34.7930173452884
