"","site.ID","meanNO3","meanfDOM","meanSPC","meanTurb"
"1","CARI",27.4220288196174,58.6574667650165,76.3341214550534,7.85307724510237
"2","FRCH",24.4807190650737,79.6912988988377,86.3796369927603,19.4610075002404
"3","MOOS",21.1054465756354,129.690424301181,114.047950609291,20.3756493497751
"4","POKE",27.5893539002562,52.1807535127351,115.44702575892,8.82154643987912
"5","STRT",20.3907278381838,57.0736075330311,125.698757502442,9.71240583346251
"6","VAUL",17.4060544273786,247.870994388298,413.844754820267,37.9851915023692
