"","site.ID","meanNO3","meanfDOM","meanSPC","meanTurb"
"1","CARI",27.4285341241482,58.6910120549129,76.3164376644887,7.85671313772025
"2","FRCH",25.5984919850552,71.8928549438975,87.1035789333563,23.2855508166723
"3","MOOS",20.8040236836054,124.387970247294,117.237710964066,21.631193655321
"4","POKE",27.4025824823454,38.7674081730767,115.466123048506,8.96273529846916
"5","STRT",20.4722154373794,59.8496698671575,125.777300661801,10.6682315696602
"6","VAUL",17.3569586304753,224.650522711976,413.202153564885,37.8073936846788
