"","site.ID","meanNO3","meanfDOM","meanSPC","meanTurb"
"1","CARI",27.428842257827,58.6870144341338,76.3181180966975,7.85297723359461
"2","FRCH",24.5320632994526,79.6079719975615,86.4049568702019,19.4412305550407
"3","MOOS",21.4571644582025,130.402568767966,114.067003605702,20.3600652232706
"4","POKE",27.9026017923038,52.2999238508083,115.466006673799,8.74030337282995
"5","STRT",20.522333897742,56.748053859345,125.777670264806,9.70708332784969
"6","VAUL",18.4031720720982,256.101975501358,413.207547176453,37.5140919444608
