"","site.ID","meanNO3","meanfDOM","meanSPC","meanTurb"
"1","CARI",28.1812647675997,62.2174769311445,73.9203087021285,9.26839833432138
"2","FRCH",26.8140716616791,73.2058320449468,85.3745496244699,27.9028166839163
"3","MOOS",22.3773982566752,121.263397301326,115.007154899296,25.3190123211971
"4","POKE",30.3411928558108,38.3135842389349,110.171707302488,10.7020371765772
"5","STRT",22.6709423248932,62.8160329828129,122.004668482839,13.303381123009
"6","VAUL",15.8550165834832,213.283523288641,359.863459001662,34.4824509538843
