"","year","medianfDOM","medianNO3","medianSPC","medianTURB"
"1","2015",102.219456059986,17.764196912796,75.9,13.805
"2","2018",92.0383333333333,28.6085714285714,79.5333333333333,13.7225
"3","2019",69.7656452495496,17.3786666666667,87.25,23.0377272727272
"4","2020",70.5223182612477,30.9213232469348,77.2,15.3290909090909
"5","2021",44.1502237917124,17.7180312090257,97.1727272727273,16.6577272727273
"6","2022",55.6832920483816,26.0212099363892,97.5090872727273,5.01772727272728
