"","year","medianfDOM","medianNO3","medianSPC","medianTURB"
"1","2015",158.898630781208,21.267812533857,93.2,5.92
"2","2018",131.17,25.6222222222222,104.3,10.66
"3","2019",107.175528932258,18.6238857568053,115.736363636364,6.62818181818182
"4","2020",125.082286849856,22.245217672432,103.272727272727,20.0636363636363
"5","2021",97.7594650313743,19.9285714285714,127.2,7.72045454545454
"6","2022",135.619057433637,18.417329985504,129.254545454545,5.09454545454546
