"","year","medianfDOM","medianNO3","medianSPC","medianTURB"
"1","2019",47.7296161076179,12.4439828033115,131.854545454545,6.31
"2","2020",61.9293425653385,28.1627411987015,114.74090909091,9.97181818181818
"3","2021",50.3013669197991,25.157077460871,139.245454545455,6.9859090909091
"4","2022",51.4175782648904,18.1948559815707,140.0545,2.64318181818181
