"","year","medianfDOM","medianNO3","medianSPC","medianTURB"
"1","2019",235.781875573652,14.999750047409,417.1,8.48181818181818
"2","2020",254.505123264824,15.2686712675921,252.681818181818,18.4181818181818
"3","2021",250.913249107238,23.4188097408748,380.536445454545,19.51
"4","2022",297.495146367012,16.602574281093,725.236363636364,29.865
