"","year","medianfDOM","medianNO3","medianSPC","medianTURB"
"1","2019",235.781875573652,18.8129266799756,417.1,8.48181818181818
"2","2020",254.505123264824,15.2686712675921,252.681818181818,18.4181818181818
"3","2021",279.216921655745,24.7665237458505,380.536445454545,19.4836363636364
"4","2022",297.495146367012,14.8572981082991,725.236363636364,29.865
